"01","ACTUALIDAD","01","POLITICA"
"01","ACTUALIDAD","02","ECONOMIA"
"01","ACTUALIDAD","03","SOCIAL"
"01","ACTUALIDAD","04","MILITAR"
"01","ACTUALIDAD","05","TESTIMONIAL"
"01","ACTUALIDAD","06","AGROPECUARIA"
"01","ACTUALIDAD","07","POLICIAL"
"01","ACTUALIDAD","08","MUJER"
"01","ACTUALIDAD","09","ESPANOLA"
"01","ACTUALIDAD","10","ITALIANA"
"01","ACTUALIDAD","11","MUNDIAL"
"01","ACTUALIDAD","12","BEBE"
"01","ACTUALIDAD","13","ARTISTICA"
"01","ACTUALIDAD","14","JUDIA"
"01","ACTUALIDAD","15","INSOLITA"
"01","ACTUALIDAD","16","LITERATURA"
"01","ACTUALIDAD","17","ESPECTACULO"
"01","ACTUALIDAD","18","JUVENTUD"
"01","ACTUALIDAD","19","COMUNISTA"
"01","ACTUALIDAD","20","DOCENTE"
"01","ACTUALIDAD","21","CULTURAL"
"01","ACTUALIDAD","22","SOCIO EUROPEA"
"01","ACTUALIDAD","23","MEDICINA"
"01","ACTUALIDAD","24","MUJER POLITICA"
"01","ACTUALIDAD","25","CIENCIA"
"01","ACTUALIDAD","26","FACULTADES"
"01","ACTUALIDAD","27","PUBLIC/REC"
"01","ACTUALIDAD","28","SECTAS"
"01","ACTUALIDAD","29","ACTUALIDAD LABORAL"
"01","ACTUALIDAD","30","LEYES DE TRANSITO"
"01","ACTUALIDAD","31","AUTOAYUDA"
"01","ACTUALIDAD","32","HOMBRES"
"01","ACTUALIDAD","33","VETERINARIA"
"01","ACTUALIDAD","34","CINE"
"01","ACTUALIDAD","35","INFANTIL"
"01","ACTUALIDAD","36","MEDIOS DE COMUNICACION"
"01","ACTUALIDAD","37","PERIODISMO"
"01","ACTUALIDAD","38","RELATOS"
"01","ACTUALIDAD","39","CONSUMIDOR"
"01","ACTUALIDAD","40","BIOGRAFIAS"
"01","ACTUALIDAD","41","AVIACION"
"01","ACTUALIDAD","42","MODA"
"01","ACTUALIDAD","43","NAUTICA"
"01","ACTUALIDAD","44","ACTUALIDAD AUTOPROTECCIO"
"01","ACTUALIDAD","45","FAMILIA"
"01","ACTUALIDAD","46","AUTOMOVIL"
"01","ACTUALIDAD","47","DOCUMENTAL"
"01","ACTUALIDAD","48","EMPRESARIAL"
"01","ACTUALIDAD","49","JURIDICA"
"01","ACTUALIDAD","50","INFORMACION CANILLITA"
"01","ACTUALIDAD","51","FISCAL"
"01","ACTUALIDAD","52","MERCOSUR"
"01","ACTUALIDAD","53","ACT/PSICOLOGIA LABORALES"
"01","ACTUALIDAD","54","ACTUALIDAD NEGOCIOS"
"01","ACTUALIDAD","55","IMPOSITIVA"
"01","ACTUALIDAD","56","ACTUALIDAD GASTRONOMICA"
"01","ACTUALIDAD","57","RELOJES"
"01","ACTUALIDAD","58","AUTOAYUDA"
"01","ACTUALIDAD","59","LITORAL"
"01","ACTUALIDAD","60","ACTUALIDAD RUSA"
"01","ACTUALIDAD","61","PERSONAJES"
"01","ACTUALIDAD","62","HOMBRES"
"01","ACTUALIDAD","98","GENERAL"
"01","ACTUALIDAD","99","SIN SUBTEMA"
"02","ARTE","01","TEATRO"
"02","ARTE","02","CINE"
"02","ARTE","03","PINTURA"
"02","ARTE","04","ESCULTURA"
"02","ARTE","05","MUSICA"
"02","ARTE","06","LITERATURA"
"02","ARTE","07","DANZAS"
"02","ARTE","08","POESIA"
"02","ARTE","09","HISTORIA"
"02","ARTE","10","AFORISMOS"
"02","ARTE","11","VARIOS"
"02","ARTE","12","TAPAS"
"02","ARTE","13","ACTUALIDAD"
"02","ARTE","14","DIGITAL"
"02","ARTE","98","GENERAL"
"02","ARTE","99","SIN SUBTEMA"
"03","CIENCIAS Y TECNOLOGIA","01","INFORMATICA"
"03","CIENCIAS Y TECNOLOGIA","02","MEDICINA"
"03","CIENCIAS Y TECNOLOGIA","03","QUIMICA"
"03","CIENCIAS Y TECNOLOGIA","04","FISICA"
"03","CIENCIAS Y TECNOLOGIA","05","ARQUITECTURA"
"03","CIENCIAS Y TECNOLOGIA","06","ELECTRONICA"
"03","CIENCIAS Y TECNOLOGIA","07","INGENIERIA"
"03","CIENCIAS Y TECNOLOGIA","08","PSICOLOGIA"
"03","CIENCIAS Y TECNOLOGIA","09","PARAPSICOLOGIA"
"03","CIENCIAS Y TECNOLOGIA","10","CIENCIA Y ACTUALIDAD"
"03","CIENCIAS Y TECNOLOGIA","11","OVNIS"
"03","CIENCIAS Y TECNOLOGIA","12","INVESTIGACION"
"03","CIENCIAS Y TECNOLOGIA","13","AUDIO"
"03","CIENCIAS Y TECNOLOGIA","14","METEOROLOGIA"
"03","CIENCIAS Y TECNOLOGIA","15","NUCLEAR"
"03","CIENCIAS Y TECNOLOGIA","16","TELECOMUNICACIONES"
"03","CIENCIAS Y TECNOLOGIA","17","GRAFOLOGIA"
"03","CIENCIAS Y TECNOLOGIA","18","MINERAL Y PIEDRAS"
"03","CIENCIAS Y TECNOLOGIA","19","CONSTRUCCION"
"03","CIENCIAS Y TECNOLOGIA","20","ASTRONOMIA"
"03","CIENCIAS Y TECNOLOGIA","21","FILOSOFIA"
"03","CIENCIAS Y TECNOLOGIA","22","TAPAS"
"03","CIENCIAS Y TECNOLOGIA","23","CIENCIA Y ARTISTICA"
"03","CIENCIAS Y TECNOLOGIA","24","MAQ/CARPINTERIA"
"03","CIENCIAS Y TECNOLOGIA","25","TECNICAS"
"03","CIENCIAS Y TECNOLOGIA","26","HUMANIDADES"
"03","CIENCIAS Y TECNOLOGIA","27","PSICOLOGIA LABORAL"
"03","CIENCIAS Y TECNOLOGIA","28","VETERINARIA"
"03","CIENCIAS Y TECNOLOGIA","29","PLANOS/CARTOGRAFIA"
"03","CIENCIAS Y TECNOLOGIA","30","ELECTRICIDAD"
"03","CIENCIAS Y TECNOLOGIA","98","GENERAL"
"03","CIENCIAS Y TECNOLOGIA","99","SIN SUBTEMA"
"04","CULTURAL","01","COSTUMBRES ORIENTALES"
"04","CULTURAL","02","VOCACIONAL"
"04","CULTURAL","03","CULTURISMO"
"04","CULTURAL","04","ENSAYO"
"04","CULTURAL","05","ACTUALIDAD"
"04","CULTURAL","06","BIOGRAFIA"
"04","CULTURAL","07","LIBRE"
"04","CULTURAL","98","GENERAL"
"04","CULTURAL","99","SIN SUBTEMA"
"05","CUENTOS","01","INFANTILES"
"05","CUENTOS","02","COLOREAR\"
"05","CUENTOS","03","DIDACTICO INFORMATIVO"
"05","CUENTOS","04","COLECCIONES"
"05","CUENTOS","05","MISTERIO"
"05","CUENTOS","06","NARRATIVA"
"05","CUENTOS","07","CIENCIA FICCION"
"05","CUENTOS","08","CINE/INFANTIL"
"05","CUENTOS","09","PEGATINAS"
"05","CUENTOS","10","RELATOS/TERROR"
"05","CUENTOS","11","POLICIALES"
"05","CUENTOS","12","RELATOS"
"05","CUENTOS","13","CLASICOS"
"05","CUENTOS","14","AVENTURAS"
"05","CUENTOS","98","GENERAL"
"05","CUENTOS","99","S/SUBTEMA"
"06","COMERCIAL","01","FRUTIHORTICULTURA"
"06","COMERCIAL","02","COMERCIAL AGRICOLA"
"06","COMERCIAL","03","INTERNET"
"06","COMERCIAL","04","ADMINISTRACION"
"06","COMERCIAL","05","AUTOMOTOR"
"06","COMERCIAL","06","FESTEJOS & EVENTOS"
"06","COMERCIAL","07","SERVICIOS"
"06","COMERCIAL","08","PROPIEDADES"
"06","COMERCIAL","09","REMATES"
"06","COMERCIAL","10","AVISOS CLASIFICADOS"
"06","COMERCIAL","11","NEGOCIOS"
"06","COMERCIAL","12","RECURSOS HUMANOS"
"06","COMERCIAL","98","GENERAL"
"06","COMERCIAL","99","SIN SUBTEMA"
"07","COCINA","01","REPOSTERIA"
"07","COCINA","02","INTERNACIONAL"
"07","COCINA","03","DECORACION"
"07","COCINA","04","VEGETARIANA"
"07","COCINA","05","LIGHT"
"07","COCINA","06","PASTAS"
"07","COCINA","07","COCINA MICROONDAS/FRIZER"
"07","COCINA","08","FACIL"
"07","COCINA","09","PIZZAS"
"07","COCINA","10","CARNES"
"07","COCINA","11","COCINA EROTICA"
"07","COCINA","12","PARRILLA"
"07","COCINA","13","PESCADOS"
"07","COCINA","14","VARIOS"
"07","COCINA","15","NACIONAL"
"07","COCINA","16","CELIACOS/DIABETICOS"
"07","COCINA","17","EMPANADAS"
"07","COCINA","18","TAPAS"
"07","COCINA","19","NAVIDE—A"
"07","COCINA","20","SANA"
"07","COCINA","21","SIN CARNE"
"07","COCINA","22","NI—OS"
"07","COCINA","23","SALADOS Y DULCES"
"07","COCINA","24","COCINA DULCES Y JALEAS"
"07","COCINA","25","COCINA PARA HOMBRES"
"07","COCINA","27","SUSHI"
"07","COCINA","28","PANADERIA"
"07","COCINA","29","RECETAS"
"07","COCINA","30","ANTICOLESTEROL"
"07","COCINA","31","PASTELERIA"
"07","COCINA","32","SOPAS"
"07","COCINA","33","RECETAS PARA NIÒOS"
"07","COCINA","34","GUISOS"
"07","COCINA","35","CANAPES Y CALENTITOS"
"07","COCINA","36","VIANDAS"
"07","COCINA","37","FIAMBRES"
"07","COCINA","98","GENERAL"
"07","COCINA","99","SIN/SUBTEMA"
"08","DEPORTES","01","ATLETISMO"
"08","DEPORTES","02","BOXEO"
"08","DEPORTES","03","BASKETBALL"
"08","DEPORTES","04","FOOTBALL"
"08","DEPORTES","05","TENIS"
"08","DEPORTES","06","PADDLE"
"08","DEPORTES","07","POLO"
"08","DEPORTES","08","NAUTICA"
"08","DEPORTES","09","HIPISMO"
"08","DEPORTES","10","AJEDREZ"
"08","DEPORTES","11","AUTOMOVILISMO"
"08","DEPORTES","12","RUGBY"
"08","DEPORTES","13","MOTOCICLISMO"
"08","DEPORTES","14","CICLISMO"
"08","DEPORTES","15","CAZA Y PESCA"
"08","DEPORTES","16","FISICOCULTURISMO"
"08","DEPORTES","17","ARTES MARCIALES"
"08","DEPORTES","18","YOGA"
"08","DEPORTES","19","HOCKEY"
"08","DEPORTES","20","ESQUI"
"08","DEPORTES","21","GOLF"
"08","DEPORTES","22","VOLEY"
"08","DEPORTES","23","SURF"
"08","DEPORTES","24","TIEMPO LIBRE"
"08","DEPORTES","25","DEPORTE CALENDARIO"
"08","DEPORTES","26","REPORTAJES"
"08","DEPORTES","27","ALPINISMO"
"08","DEPORTES","28","BUCEO"
"08","DEPORTES","29","SNOW-OARD"
"08","DEPORTES","30","PARAPENTE"
"08","DEPORTES","31","MUNDO MARINO"
"08","DEPORTES","32","ESCALAR"
"08","DEPORTES","33","LUCHA"
"08","DEPORTES","34","MOTOCROSS"
"08","DEPORTES","35","AVIACION DEPORTIVA"
"08","DEPORTES","36","VARIOS"
"08","DEPORTES","37","FOTOGRAFIA"
"08","DEPORTES","38","SKATEBOARD"
"08","DEPORTES","39","PATINAJE"
"08","DEPORTES","40","BIOGRAFIA"
"08","DEPORTES","41","ALTERNATIVOS"
"08","DEPORTES","42","AEROBICS"
"08","DEPORTES","43","AVENTURA"
"08","DEPORTES","44","PILATES"
"08","DEPORTES","45","TRIATLON"
"08","DEPORTES","46","KAYAK"
"08","DEPORTES","98","GENERAL"
"08","DEPORTES","99","S/SUBTEMA"
"09","EDUCACION Y CULTURA","01","CURSO DE INGLES"
"09","EDUCACION Y CULTURA","02","HISTORIA"
"09","EDUCACION Y CULTURA","03","GEOGRAFIA"
"09","EDUCACION Y CULTURA","04","BIOGRAFIAS"
"09","EDUCACION Y CULTURA","05","DICCIONARIO"
"09","EDUCACION Y CULTURA","06","CURSO DE FRANCES"
"09","EDUCACION Y CULTURA","07","CURSO DE ITALIANO"
"09","EDUCACION Y CULTURA","08","CURSO DE PORTUGUES"
"09","EDUCACION Y CULTURA","09","CURSO DE ALEMAN"
"09","EDUCACION Y CULTURA","10","DICC.ESPANOL INLES"
"09","EDUCACION Y CULTURA","11","GUIA UNIVERSITARIA"
"09","EDUCACION Y CULTURA","12","EDUCACION CIVICA"
"09","EDUCACION Y CULTURA","13","NIVEL INICIAL"
"09","EDUCACION Y CULTURA","14","PREHISTORIA"
"09","EDUCACION Y CULTURA","15","ARQUEOLOGIA"
"09","EDUCACION Y CULTURA","16","PRACTICA IDIOMAS"
"09","EDUCACION Y CULTURA","17","EDUCACION FAMILIAR"
"09","EDUCACION Y CULTURA","18","JARDINES MATERNALES"
"09","EDUCACION Y CULTURA","19","DIDACTICO"
"09","EDUCACION Y CULTURA","20","DICCIONARIO ESPA#OL"
"09","EDUCACION Y CULTURA","21","MATEMATICA"
"09","EDUCACION Y CULTURA","22","REGLAS ORTOGRAFICAS"
"09","EDUCACION Y CULTURA","23","TAPAS/PORTA CASSETTES"
"09","EDUCACION Y CULTURA","24","SEGUNDO CICLO"
"09","EDUCACION Y CULTURA","25","EDUCACION FISICA"
"09","EDUCACION Y CULTURA","26","ORIENTACION VOCACIONAL"
"09","EDUCACION Y CULTURA","27","ORIENTAC.PADRES/MAESTROS"
"09","EDUCACION Y CULTURA","28","DINOSAURIO"
"09","EDUCACION Y CULTURA","29","MITOLOGIA"
"09","EDUCACION Y CULTURA","98","GENERAL"
"09","EDUCACION Y CULTURA","99","S/SUBTEMA"
"10","HOBBIES Y ENTRETENIMIENTO","01","FOTOGRAFIA"
"10","HOBBIES Y ENTRETENIMIENTO","02","FILATELIA"
"10","HOBBIES Y ENTRETENIMIENTO","03","AEROMODELISMO"
"10","HOBBIES Y ENTRETENIMIENTO","04","AUTOMODELISMO"
"10","HOBBIES Y ENTRETENIMIENTO","05","JARDINERIA"
"10","HOBBIES Y ENTRETENIMIENTO","06","MAGIA/BRUJERIA/HECHIZOS"
"10","HOBBIES Y ENTRETENIMIENTO","07","ARMAS"
"10","HOBBIES Y ENTRETENIMIENTO","08","ACUARISMO"
"10","HOBBIES Y ENTRETENIMIENTO","09","TRENES DE COLECCION"
"10","HOBBIES Y ENTRETENIMIENTO","10","CAMIONES/CAMIONETAS"
"10","HOBBIES Y ENTRETENIMIENTO","11","BARCOS"
"10","HOBBIES Y ENTRETENIMIENTO","12","AVIACION"
"10","HOBBIES Y ENTRETENIMIENTO","13","MECANICA"
"10","HOBBIES Y ENTRETENIMIENTO","14","AUTOMOVILISMO"
"10","HOBBIES Y ENTRETENIMIENTO","15","MOTOCICLISMO"
"10","HOBBIES Y ENTRETENIMIENTO","16","VIDEO"
"10","HOBBIES Y ENTRETENIMIENTO","17","TATUAJE"
"10","HOBBIES Y ENTRETENIMIENTO","18","NUMISMATICA"
"10","HOBBIES Y ENTRETENIMIENTO","19","HOBBIES CALENDARIOS"
"10","HOBBIES Y ENTRETENIMIENTO","20","ANGELES"
"10","HOBBIES Y ENTRETENIMIENTO","21","HECHIZOS"
"10","HOBBIES Y ENTRETENIMIENTO","22","MAGIA NI#OS"
"10","HOBBIES Y ENTRETENIMIENTO","23","MINIATURAS"
"10","HOBBIES Y ENTRETENIMIENTO","24","BAJO/GUITARRA"
"10","HOBBIES Y ENTRETENIMIENTO","25","VINOTECA"
"10","HOBBIES Y ENTRETENIMIENTO","26","MANUALIDAD"
"10","HOBBIES Y ENTRETENIMIENTO","27","COMPUTACION"
"10","HOBBIES Y ENTRETENIMIENTO","28","APICULTURA"
"10","HOBBIES Y ENTRETENIMIENTO","29","NAIPES"
"10","HOBBIES Y ENTRETENIMIENTO","30","JUEGOS DE AZAR"
"10","HOBBIES Y ENTRETENIMIENTO","31","PESCA"
"10","HOBBIES Y ENTRETENIMIENTO","32","PERFUMES"
"10","HOBBIES Y ENTRETENIMIENTO","33","MODELISMO"
"10","HOBBIES Y ENTRETENIMIENTO","34","BICICLETA"
"10","HOBBIES Y ENTRETENIMIENTO","35","HABANOS"
"10","HOBBIES Y ENTRETENIMIENTO","36","TRAGOS-COCKTAILS"
"10","HOBBIES Y ENTRETENIMIENTO","37","MANGA & ANIME"
"10","HOBBIES Y ENTRETENIMIENTO","38","RELOJ"
"10","HOBBIES Y ENTRETENIMIENTO","39","HISTORIA LAPICERA/ESCRITU"
"10","HOBBIES Y ENTRETENIMIENTO","40","INSTRUMENTOS MUSICALES"
"10","HOBBIES Y ENTRETENIMIENTO","41","MANDALAS"
"10","HOBBIES Y ENTRETENIMIENTO","42","VEHICULOS MILITARES/COLEC"
"10","HOBBIES Y ENTRETENIMIENTO","43","AJEDREZ"
"10","HOBBIES Y ENTRETENIMIENTO","98","GENERAL"
"10","HOBBIES Y ENTRETENIMIENTO","99","S/SUBTEMA"
"11","MANUALIDADES","01","TEJIDOS"
"11","MANUALIDADES","02","BRICOLAJE"
"11","MANUALIDADES","03","REPARACIONES"
"11","MANUALIDADES","04","COSTURA"
"11","MANUALIDADES","05","BORDADOS"
"11","MANUALIDADES","06","PINTURA"
"11","MANUALIDADES","07","CERAMICA"
"11","MANUALIDADES","08","TARJETAS"
"11","MANUALIDADES","09","PATINAS"
"11","MANUALIDADES","10","NAVIDEÒA"
"11","MANUALIDADES","11","MANUALIDAD INFANTIL"
"11","MANUALIDADES","12","PATCHWORK"
"11","MANUALIDADES","13","DISFRACES"
"11","MANUALIDADES","14","ARTESANIAS"
"11","MANUALIDADES","15","PORCELANA FRIA"
"11","MANUALIDADES","16","FLORES SECAS"
"11","MANUALIDADES","17","MU#ECA DE TRAPO"
"11","MANUALIDADES","18","ARREGLOS FLORALES"
"11","MANUALIDADES","19","FIESTAS"
"11","MANUALIDADES","20","ENCAJES"
"11","MANUALIDADES","21","LABORES"
"11","MANUALIDADES","22","PANAMINA"
"11","MANUALIDADES","23","RESTAURACION"
"11","MANUALIDADES","24","TAPICES"
"11","MANUALIDADES","25","SOUVENIRS"
"11","MANUALIDADES","26","PARA EL HOGAR"
"11","MANUALIDADES","27","COMUNION"
"11","MANUALIDADES","28","MANUALIDAD CARTAPESTA Y"
"11","MANUALIDADES","29","MANUALIDADES TELAS"
"11","MANUALIDADES","30","VELAS"
"11","MANUALIDADES","31","GOMA EVA"
"11","MANUALIDADES","32","MANUALIDAD ORFEBRERIA"
"11","MANUALIDADES","33","CARTONAJE CAJAS Y ESTUCHE"
"11","MANUALIDADES","34","MANUALIDAD GLOBOLOGIA"
"11","MANUALIDADES","35","COCINA/VINOS/LICOR/CONSER"
"11","MANUALIDADES","36","RESINA"
"11","MANUALIDADES","37","JABONES"
"11","MANUALIDADES","38","PELUQUERIA"
"11","MANUALIDADES","39","COTILLON"
"11","MANUALIDADES","40","PLASTILINA"
"11","MANUALIDADES","41","MACRAME"
"11","MANUALIDADES","42","GLOBOLOGIA"
"11","MANUALIDADES","43","ALBUM DE FOTOS"
"11","MANUALIDADES","44","COSMETICA"
"11","MANUALIDADES","45","ORIGAMI"
"11","MANUALIDADES","46","MUÒEQUERIA COUNTRY"
"11","MANUALIDADES","47","DECOUPAGE"
"11","MANUALIDADES","48","BIJOUTERIE"
"11","MANUALIDADES","49","PAPEL MACHE"
"11","MANUALIDADES","98","GENERAL"
"11","MANUALIDADES","99","S/SUBTEMA"
"12","MODAS","01","INDUMENTARIAS"
"12","MODAS","02","PEINADOS"
"12","MODAS","03","NOVIAS"
"12","MODAS","04","INTERNACIONAL"
"12","MODAS","05","MASCULINA"
"12","MODAS","06","COSTURA"
"12","MODAS","07","NI#OS BEBE"
"12","MODAS","08","TEJIDOS"
"12","MODAS","09","CARTERAS"
"12","MODAS","10","ZAPATOS"
"12","MODAS","11","ACCESORIOS"
"12","MODAS","12","LIBRE"
"12","MODAS","15","15 A—OS"
"12","MODAS","16","BELLEZA"
"12","MODAS","17","LENCERIA"
"12","MODAS","18","1RA COMUNION"
"12","MODAS","19","MOLDES"
"12","MODAS","20","TAPAS"
"12","MODAS","21","ADOLESCENTE"
"12","MODAS","22","TRAJES DE BA—O"
"12","MODAS","23","MAQUILLAJE"
"12","MODAS","24","MUJER"
"12","MODAS","98","GENERAL"
"12","MODAS","99","S/SUBTEMA"
"13","DECORACION","01","BA#OS"
"13","DECORACION","02","INTERIORES"
"13","DECORACION","03","COCINA"
"13","DECORACION","04","CASAS"
"13","DECORACION","05","CHICOS"
"13","DECORACION","06","MESAS"
"13","DECORACION","07","JARDINES"
"13","DECORACION","08","MUEBLES"
"13","DECORACION","09","ANTIGUEDADES"
"13","DECORACION","98","GENERAL"
"13","DECORACION","99","SIN SUBTEMA"
"14","INGENIO","01","CRUCIGRAMAS"
"14","INGENIO","02","ENIGMAS"
"14","INGENIO","03","CRUCILETRA"
"14","INGENIO","04","INFANTIL"
"14","INGENIO","05","SOPAS"
"14","INGENIO","06","DICCIONARIO"
"14","INGENIO","07","MATEMATICA"
"14","INGENIO","08","JUEGOS"
"14","INGENIO","09","AUTODEFINIDOS"
"14","INGENIO","10","GRILLAS"
"14","INGENIO","11","CIENCIAS SOCIALES"
"14","INGENIO","12","CIENCIAS NATURALES"
"14","INGENIO","13","SUDOKU,INGENIO C/NUMEROS"
"14","INGENIO","14","SUDOKU"
"14","INGENIO","98","GENERAL"
"14","INGENIO","99","S/SUBTEMA"
"15","TURISMO","01","MAPAS Y RUTAS"
"15","TURISMO","02","MUNDIAL"
"15","TURISMO","03","ESPA#A"
"15","TURISMO","04","MIAMI"
"15","TURISMO","05","NACIONAL"
"15","TURISMO","06","BRASIL"
"15","TURISMO","07","CAMPING"
"15","TURISMO","08","VIAJES"
"15","TURISMO","09","URUGUAY"
"15","TURISMO","10","BUENOS AIRES"
"15","TURISMO","11","NOROESTE ARGENTINO"
"15","TURISMO","98","GENERAL"
"15","TURISMO","99","SIN SUBTEMA"
"16","INTERES GENERAL","01","ALBUM BEBE"
"16","INTERES GENERAL","02","SEXO. VARIOS"
"16","INTERES GENERAL","03","DIVORCIOS"
"16","INTERES GENERAL","04","VENTAS"
"16","INTERES GENERAL","05","INT. GRAL. REMATES"
"16","INTERES GENERAL","06","INTERES GENERAL SALUD"
"16","INTERES GENERAL","07","DICTADURA"
"16","INTERES GENERAL","08","LABORAL"
"16","INTERES GENERAL","09","PLANOS"
"16","INTERES GENERAL","10","ROMANCES"
"16","INTERES GENERAL","11","INTERES DE COUNTRY"
"16","INTERES GENERAL","12","DICHOS"
"16","INTERES GENERAL","13","ESPANOLA"
"16","INTERES GENERAL","14","COLECTIVIDAD ITALIANA"
"16","INTERES GENERAL","15","INTERES DE RECORDS"
"16","INTERES GENERAL","16","3RA. EDAD"
"16","INTERES GENERAL","17","CONTACTOS"
"16","INTERES GENERAL","18","INTERES GENERAL"
"16","INTERES GENERAL","19","INTERES GRAL TRUCOS IDEAS"
"16","INTERES GENERAL","20","INTERES GE MISCELANEA"
"16","INTERES GENERAL","21","CIENCIA FICCION"
"16","INTERES GENERAL","22","SEGURIDAD"
"16","INTERES GENERAL","23","MUJER"
"16","INTERES GENERAL","24","BEBE"
"16","INTERES GENERAL","25","JUVENTUD"
"16","INTERES GENERAL","26","HOMBRES"
"16","INTERES GENERAL","27","INFANTIL"
"16","INTERES GENERAL","28","CAPACITACION Y TRABAJO"
"16","INTERES GENERAL","29","AUTOAYUDA"
"16","INTERES GENERAL","30","REIKI"
"16","INTERES GENERAL","31","FENG SHUI"
"16","INTERES GENERAL","32","REFLEXOLOGIA"
"16","INTERES GENERAL","33","FOTOGRAFIA"
"16","INTERES GENERAL","98","GENERAL"
"16","INTERES GENERAL","99","SIN SUBTEMA"
"17","HUMOR","01","POLITICO"
"17","HUMOR","02","SEXO"
"17","HUMOR","03","NEGRO"
"17","HUMOR","04","ADOLESCENTE"
"17","HUMOR","05","HUMOR ACTUALIDAD"
"17","HUMOR","06","HUMOR ADULTO"
"17","HUMOR","07","ESPECTACULO"
"17","HUMOR","08","NI#OS"
"17","HUMOR","09","FUTBOL"
"17","HUMOR","10","GALLEGO"
"17","HUMOR","11","JUDIO"
"17","HUMOR","12","TERROR"
"17","HUMOR","98","GENERAL"
"17","HUMOR","99","SIN SUBTEMA"
"18","NOVELAS","01","AMOR"
"18","NOVELAS","02","POLICIALES"
"18","NOVELAS","03","AVENTURAS"
"18","NOVELAS","04","CIENCIA FICCION"
"18","NOVELAS","05","SATIRAS"
"18","NOVELAS","06","BELICOS"
"18","NOVELAS","07","ARMAS"
"18","NOVELAS","08","TERROR"
"18","NOVELAS","09","HISTORICAS"
"18","NOVELAS","10","RELATOS"
"18","NOVELAS","11","FICCION"
"18","NOVELAS","12","ACCION"
"18","NOVELAS","13","BIOGRAFICA"
"18","NOVELAS","14","POLITICA"
"18","NOVELAS","98","GENERAL"
"18","NOVELAS","99","SIN SUBTEMA"
"19","HISTORIETAS","01","INFANTILES"
"19","HISTORIETAS","02","AVENTURAS"
"19","HISTORIETAS","03","COMICAS"
"19","HISTORIETAS","04","FANTASIAS"
"19","HISTORIETAS","05","SEXO"
"19","HISTORIETAS","06","HISTORIA"
"19","HISTORIETAS","07","COMIC"
"19","HISTORIETAS","98","GENERAL"
"19","HISTORIETAS","99","SIN SUBTEMA"
"20","FOTONOVELAS","01","AMOR"
"20","FOTONOVELAS","98","GENERAL"
"20","FOTONOVELAS","99","S/SUBTEMA"
"21","PORNOGRAFIA","01","HISTORIETA"
"21","PORNOGRAFIA","02","ADULTOS"
"21","PORNOGRAFIA","03","LIBRE"
"21","PORNOGRAFIA","98","GENERAL"
"21","PORNOGRAFIA","99","S/SUBTREMA"
"22","ZOOLOGIA","01","PERROS"
"22","ZOOLOGIA","02","SALVAJE"
"22","ZOOLOGIA","03","INSECTOS"
"22","ZOOLOGIA","04","CONEJOS"
"22","ZOOLOGIA","05","CABALLOS"
"22","ZOOLOGIA","06","MASCOTAS"
"22","ZOOLOGIA","07","AVES"
"22","ZOOLOGIA","08","GATOS"
"22","ZOOLOGIA","09","VERTEBRADOS"
"22","ZOOLOGIA","10","PECES"
"22","ZOOLOGIA","11","VIDA Y COSTUMBRE"
"22","ZOOLOGIA","12","CHINCHILLAS"
"22","ZOOLOGIA","13","TIBURONES"
"22","ZOOLOGIA","14","MAMIFEROS"
"22","ZOOLOGIA","98","GENERAL"
"22","ZOOLOGIA","99","SIN SUBTEMA"
"23","BOTANICA","01","JARDINERIA"
"23","BOTANICA","02","HORTICULTURA"
"23","BOTANICA","98","GENERAL"
"23","BOTANICA","99","S/SUBTEMA"
"24","EROTICAS","01","CONTACTOS"
"24","EROTICAS","02","HOMBRES"
"24","EROTICAS","03","FOTONOVELA"
"24","EROTICAS","04","ADULTOS"
"24","EROTICAS","05","MUJERES DESNUDAS"
"24","EROTICAS","06","RELATOS"
"24","EROTICAS","07","MUJERES DESNUDAS"
"24","EROTICAS","16","ALMANAQUE-CALENDARIO"
"24","EROTICAS","26","PORNO"
"24","EROTICAS","98","GENERAL"
"24","EROTICAS","99","S/SUBTEMA"
"25","BELICOS","01","INFANTIL"
"25","BELICOS","02","AVIACION"
"25","BELICOS","03","ARMAS"
"25","BELICOS","04","POEMAS"
"25","BELICOS","05","CARROS"
"25","BELICOS","06","BARCOS"
"25","BELICOS","98","GENERAL"
"25","BELICOS","99","S/SUBTEMA"
"26","RELIGION","01","INFANTIL"
"26","RELIGION","02","AGENDAS"
"26","RELIGION","03","AFRICANA"
"26","RELIGION","04","CRISTIANA"
"26","RELIGION","05","ORACIONES"
"26","RELIGION","06","POLITEISMO"
"26","RELIGION","07","CURACIONES"
"26","RELIGION","08","TEOLOGIA"
"26","RELIGION","09","PERSONAJE/ESPIRITUAL"
"26","RELIGION","10","BIOGRAFIA"
"26","RELIGION","11","SECTAS"
"26","RELIGION","12","JUDAISMO"
"26","RELIGION","13","BUDISMO"
"26","RELIGION","98","GENERAL"
"26","RELIGION","99","S/SUBTEMA"
"27","ECOLOGIA","01","ECOLOGIA INTEGRAL"
"27","ECOLOGIA","02","CAZA"
"27","ECOLOGIA","03","NATURALEZA"
"27","ECOLOGIA","04","ECOLOGIA CAMPO"
"27","ECOLOGIA","05","MARINA"
"27","ECOLOGIA","06","MEDIO AMBIENTE"
"27","ECOLOGIA","98","GENERAL"
"27","ECOLOGIA","99","SIN SUBTEMA"
"28","ASTROLOGIA/CS.OCULTAS","01","HOROSCOPO"
"28","ASTROLOGIA/CS.OCULTAS","02","PRONOSTICOS"
"28","ASTROLOGIA/CS.OCULTAS","03","MAGIA"
"28","ASTROLOGIA/CS.OCULTAS","04","I-CHING"
"28","ASTROLOGIA/CS.OCULTAS","05","TAROT"
"28","ASTROLOGIA/CS.OCULTAS","06","REENCARNACION"
"28","ASTROLOGIA/CS.OCULTAS","07","POLITICA"
"28","ASTROLOGIA/CS.OCULTAS","08","AMOR"
"28","ASTROLOGIA/CS.OCULTAS","09","CURSOS"
"28","ASTROLOGIA/CS.OCULTAS","10","CAFEOMANCIA"
"28","ASTROLOGIA/CS.OCULTAS","11","AGENDA"
"28","ASTROLOGIA/CS.OCULTAS","12","ESOTERISMO"
"28","ASTROLOGIA/CS.OCULTAS","13","METAFISICA"
"28","ASTROLOGIA/CS.OCULTAS","14","DINERO"
"28","ASTROLOGIA/CS.OCULTAS","15","ADIVINACION"
"28","ASTROLOGIA/CS.OCULTAS","16","PIEDRAS CURATIVAS"
"28","ASTROLOGIA/CS.OCULTAS","17","RITOS"
"28","ASTROLOGIA/CS.OCULTAS","18","AMULETOS Y TALISMANES"
"28","ASTROLOGIA/CS.OCULTAS","19","SUE—OS"
"28","ASTROLOGIA/CS.OCULTAS","20","CIENCIAS MILENARIAS"
"28","ASTROLOGIA/CS.OCULTAS","21","SEXO"
"28","ASTROLOGIA/CS.OCULTAS","22","HECHIZOS"
"28","ASTROLOGIA/CS.OCULTAS","23","DIETAS"
"28","ASTROLOGIA/CS.OCULTAS","24","NUMEROLOGIA"
"28","ASTROLOGIA/CS.OCULTAS","25","QUIROMANCIA"
"28","ASTROLOGIA/CS.OCULTAS","98","GENERAL"
"28","ASTROLOGIA/CS.OCULTAS","99","S/SUBTEMA"
"29","GUIAS","01","CALLES"
"29","GUIAS","02","ESTUDIO"
"29","GUIAS","03","TURISMO"
"29","GUIAS","04","AGENDAS"
"29","GUIAS","05","NOMBRES"
"29","GUIAS","06","CARRERAS"
"29","GUIAS","07","GUIA EVENTOS ESPECIALES"
"29","GUIAS","08","GUIAS MUNDIAL"
"29","GUIAS","09","RESTAURANTES"
"29","GUIAS","10","EST. EDUCATIVOS"
"29","GUIAS","11","COUNTRIES"
"29","GUIAS","12","CODIGOS POSTALES"
"29","GUIAS","13","INDUSTRIA PUBLICITARIA"
"29","GUIAS","14","INDUSTRIA ALIMENTARIA"
"29","GUIAS","15","PROVEEDORES"
"29","GUIAS","16","INFANTIL"
"29","GUIAS","17","MAPAS"
"29","GUIAS","18","REENCARNACION"
"29","GUIAS","19","MEDIOS"
"29","GUIAS","20","HOTELERIA"
"29","GUIAS","21","SERVICIOS EDU"
"29","GUIAS","22","CASAMIENTO"
"29","GUIAS","23","T.V SERIES"
"29","GUIAS","24","BUENOS AIRES"
"29","GUIAS","25","UNIVERSITARIAS"
"29","GUIAS","26","EROTICA"
"29","GUIAS","27","VIDEOJUEGOS"
"29","GUIAS","28","VINOS"
"29","GUIAS","29","PLOMERIA"
"29","GUIAS","98","GENERAL"
"29","GUIAS","99","S/SUBTEMA"
"30","MUSICA","01","CLASICA"
"30","MUSICA","02","TANGO"
"30","MUSICA","03","FOLKLORE"
"30","MUSICA","04","ROCK AND ROLL"
"30","MUSICA","05","JAZZ"
"30","MUSICA","06","LATINA"
"30","MUSICA","07","BLUES"
"30","MUSICA","08","IBEROAMERICANA"
"30","MUSICA","09","JOVEN"
"30","MUSICA","10","MUSICA CALENDARIO"
"30","MUSICA","11","BIOGRAFIAS"
"30","MUSICA","12","SALSA"
"30","MUSICA","13","POP"
"30","MUSICA","14","REPORTAJES"
"30","MUSICA","15","NAVIDENIAS"
"30","MUSICA","16","DEPORTIVA"
"30","MUSICA","17","POPULAR"
"30","MUSICA","18","BOLEROS"
"30","MUSICA","19","FOTOS"
"30","MUSICA","21","TAPAS"
"30","MUSICA","22","VARIAS"
"30","MUSICA","23","OPERA"
"30","MUSICA","24","COUNTRY"
"30","MUSICA","25","INSTRUMENTOS"
"30","MUSICA","26","BRASILE—A"
"30","MUSICA","27","INTERNACIONAL"
"30","MUSICA","28","HIST Y CANCIONES"
"30","MUSICA","29","POESIA"
"30","MUSICA","30","COCINA"
"30","MUSICA","31","BAILES POPULARES"
"30","MUSICA","32","INFANTIL"
"30","MUSICA","33","LENTOS VARIOS GENEROS"
"30","MUSICA","34","CARNAVAL"
"30","MUSICA","35","REGGAETONE"
"30","MUSICA","36","MELODICA"
"30","MUSICA","37","REGGAE"
"30","MUSICA","38","TECNO"
"30","MUSICA","98","GENERAL"
"30","MUSICA","99","S/SUBTEMA"
"31","JUEGOS","01","SUE#OS"
"31","JUEGOS","02","AZAR"
"31","JUEGOS","03","INFANTILES"
"31","JUEGOS","98","GENERAL"
"32","MARKETING","01","PUBLICIDAD"
"32","MARKETING","98","GENERAL"
"33","VIDEO JUEGOS","01","VIDEO JUEGO NOVEDADES"
"33","VIDEO JUEGOS","02","VIDEO JUEGOS"
"33","VIDEO JUEGOS","98","GENERAL"
"34","MEDICINA","01","DIETAS"
"34","MEDICINA","02","ESTETICA"
"34","MEDICINA","03","INTERES GENERAL"
"34","MEDICINA","04","SEXO"
"34","MEDICINA","05","DIABETES"
"34","MEDICINA","06","NATURAL"
"34","MEDICINA","07","DROGADICCION"
"34","MEDICINA","08","PLANTAS MEDICINALES"
"34","MEDICINA","09","EMBARAZO/PARTO/12 MESES"
"34","MEDICINA","10","HIPERTENSION"
"34","MEDICINA","11","COLESTEROL"
"34","MEDICINA","12","ASMA"
"34","MEDICINA","13","RESFRIOS"
"34","MEDICINA","14","ALERGIAS"
"34","MEDICINA","15","INFANTIL"
"34","MEDICINA","16","CANCER"
"34","MEDICINA","17","ACUPUNTURA"
"34","MEDICINA","18","PRIMEROS AUXILIOS"
"34","MEDICINA","19","I.N.C.U.C.A.I."
"34","MEDICINA","20","OCULAR"
"34","MEDICINA","21","TAPAS"
"34","MEDICINA","22","MEDITACION"
"34","MEDICINA","23","CORONARIA"
"34","MEDICINA","24","ARTROSIS"
"34","MEDICINA","25","ALTERNATIVA"
"34","MEDICINA","26","AUTOAYUDA"
"34","MEDICINA","27","ACTUALIDAD"
"34","MEDICINA","28","NI—O"
"34","MEDICINA","29","CUERPO HUMANO"
"34","MEDICINA","30","MASAJES"
"34","MEDICINA","31","OBESIDAD"
"34","MEDICINA","32","TABAQUISMO"
"34","MEDICINA","33","NEUROCIENCIA"
"34","MEDICINA","98","GENERAL"
"34","MEDICINA","99","S/SUBTEMA"
"35","EMPLEOS","01","MANUALES"
"35","EMPLEOS","02","PROFESIONALES"
"35","EMPLEOS","98","GENERAL"
"35","EMPLEOS","99","SIN SUBTEMA"
"36","VENTAS","01","SERVICIOS"
"36","VENTAS","02","AUTOS"
"36","VENTAS","03","PROPIEDADES"
"37","COMICS","01","INFORMACION"
"37","COMICS","02","SUPER HEROES"
"37","COMICS","98","GENERAL"
"38","TRANSPORTE","01","CAMIONES"
"38","TRANSPORTE","02","AVIACION"
"38","TRANSPORTE","03","NAUTICA"
"38","TRANSPORTE","04","AUTOMOVIL"
"38","TRANSPORTE","05","TRENES"
"38","TRANSPORTE","98","GENERAL"
"39","COMPUTACION","01","JUEGOS"
"39","COMPUTACION","02","DISE#O GRAFICO"
"39","COMPUTACION","03","WINDOWS"
"39","COMPUTACION","04","COMPUTACION NI—OS"
"39","COMPUTACION","05","INTERNET"
"39","COMPUTACION","06","PROCESADOR TEXTOS"
"39","COMPUTACION","07","PLANILLA CALCULOS"
"39","COMPUTACION","08","MICROSOFT"
"39","COMPUTACION","09","HACKER"
"39","COMPUTACION","10","MUSICA"
"39","COMPUTACION","11","LINUX"
"39","COMPUTACION","12","FUTBOL"
"39","COMPUTACION","13","COCINA"
"39","COMPUTACION","14","VARIOS"
"39","COMPUTACION","15","TAPAS"
"39","COMPUTACION","16","CURSOS"
"39","COMPUTACION","17","PROGRAMACION"
"39","COMPUTACION","18","ACCESORIOS"
"39","COMPUTACION","19","WEB"
"39","COMPUTACION","20","ELECTRONICA"
"39","COMPUTACION","21","COMPUTACION INSTALACION"
"39","COMPUTACION","22","COMPUTACION OFFICE"
"39","COMPUTACION","23","ADMINISTRACION"
"39","COMPUTACION","24","PROVEEDORES"
"39","COMPUTACION","25","MANTENIMIENTO DE PC"
"39","COMPUTACION","98","GENERAL"
"39","COMPUTACION","99","S/SUBTEMA"
"40","CINE","01","TERROR"
"40","CINE","02","ITALIANO"
"40","CINE","03","CLASICO"
"40","CINE","04","GUION"
"40","CINE","05","AVENTURAS"
"40","CINE","06","ACTUALIDAD"
"40","CINE","07","MUSICA"
"40","CINE","08","BELICO"
"40","CINE","09","INFANTIL"
"40","CINE","10","EROTICO"
"40","CINE","11","COMEDIA"
"40","CINE","12","TESTIMONIAL/ POLITICA"
"40","CINE","13","CIENCIA FICCION"
"40","CINE","14","ROMANTICO"
"40","CINE","15","ACCION"
"40","CINE","16","POLICIAL"
"40","CINE","17","ANIME"
"40","CINE","18","CRITICA SERIES"
"40","CINE","98","GENERAL"
"41","CANCIONERO","01","TROPICAL"
"41","CANCIONERO","02","VARIOS"
"41","CANCIONERO","03","CANCIONERO INFANTIL"
"41","CANCIONERO","98","GENERAL"
"42","NARRATIVA","01","EROTICO"
"42","NARRATIVA","02","MODERNA"
"42","NARRATIVA","03","INFANTIL"
"42","NARRATIVA","04","TESTIMONIAL"
"42","NARRATIVA","05","AUTOBIOGRAFIA"
"42","NARRATIVA","98","GENERAL"
"43","CALENDARIO","01","FOTOS"
"43","CALENDARIO","02","CALENDARIO POSTERS"
"43","CALENDARIO","03","CALENDARIO MUSICAL"
"43","CALENDARIO","04","CALENDARIO DEPORTIVO"
"43","CALENDARIO","05","CALENDARIO HUMOR"
"43","CALENDARIO","06","LITERARIO"
"43","CALENDARIO","07","INFANTIL"
"43","CALENDARIO","08","RELIGIOSO"
"43","CALENDARIO","09","RECETAS DE COCINA"
"43","CALENDARIO","98","GENERAL"
"44","CIENCIAS SOCIALES","01","FILOSOFIA"
"44","CIENCIAS SOCIALES","02","HUMANIDADES"
"45","COMICS","01","VIDEOS JUEGOS"
"45","COMICS","02","INFORMACION"
"45","COMICS","03","SEXO"
"46","LITERATURA","01","AFORISMOS"
"46","LITERATURA","02","PROFECIAS"
"46","LITERATURA","03","ACTUALIDAD"
"46","LITERATURA","04","BIOGRAFIAS"
"46","LITERATURA","05","LITERATURA HUMOR"
"46","LITERATURA","06","UNIVERSAL"
"46","LITERATURA","07","LITERATURA HISTORICA"
"46","LITERATURA","08","FABULAS"
"46","LITERATURA","09","AUTOBIOGRAFIAS"
"46","LITERATURA","10","LITERATURA RELIGIOSA"
"46","LITERATURA","11","REPORTAJES"
"46","LITERATURA","12","INFANTIL"
"46","LITERATURA","98","GENERAL"
"47","LEGAL / IMPOSITIVO","01","JURIDICO"
"47","LEGAL / IMPOSITIVO","02","FISCAL"
"47","LEGAL / IMPOSITIVO","03","IMPOSITIVA"
"47","LEGAL / IMPOSITIVO","04","LEYES TRANSITO"
"47","LEGAL / IMPOSITIVO","05","ACTUAL.LABORAL"
"47","LEGAL / IMPOSITIVO","06","CONSUMIDOR"
"47","LEGAL / IMPOSITIVO","98","GENERAL"
"48","ESPECTACULOS","01","BIOGRAFIAS"
"48","ESPECTACULOS","02","ESPECTACULOS T.V."
"48","ESPECTACULOS","03","TEATRO"
"49","AGENDA","01","INFANTIL"
"49","AGENDA","02","GENERAL"
"50","HOMBRE","01","GAY"
"51","MUJER","01","CUIDADO PERSONAL"
"99","SIN TEMA","99","S/SUBTEMA"
